source_id,citation,year,study_type,model_or_population,ttfields_context,mechanism_or_question,key_finding,primary_endpoint_or_measure,evidence_strength,limitations,source_url,search_date,notes
TTF-001,"Kirson ED et al. Disruption of Cancer Cell Replication by Alternating Electric Fields",2004,Preclinical,"in vitro and animal tumor models","100–300 kHz alternating electric fields","Initial biological effect and frequency dependence","TTFields inhibited tumor-cell growth and selectively affected dividing cells; effects included mitotic spindle disruption and division-associated cell destruction.","Cell growth, mitotic morphology, tumor growth",Foundational,"Multiple tumor models; early mechanistic study rather than a complete molecular explanation.",https://pubmed.ncbi.nlm.nih.gov/15126372/,2026-10-09,"Several authors affiliated with NovoCure Ltd."
TTF-002,"Gera N et al. Tumor Treating Fields Perturb the Localization of Septins and Cause Aberrant Mitotic Exit",2015,Preclinical,"HeLa, MDA-MB-231, HCT116, and MCF-7 cells","150 kHz TTFields","Mechanism at metaphase-to-anaphase transition","TTFields disrupted Septin 2/6/7 localization at the anaphase spindle midline and cytokinetic furrow, with membrane blebbing, aberrant mitotic exit, and subsequent cell stress/apoptosis.","Septin localization, mitotic progression, membrane blebbing, apoptosis",Strong mechanistic evidence,"Cell-line study; septin perturbation supports but does not prove a single direct molecular target.","https://pubmed.ncbi.nlm.nih.gov/26010837/",2026-10-09,"NovoCure funding/training support disclosed; research reported as independently conducted."
TTF-003,"Karanam NK et al. Tumor-treating fields elicit a conditional vulnerability to ionizing radiation via the downregulation of BRCA1 signaling and reduced DNA double-strand break repair capacity in non-small cell lung cancer cell lines",2017,Preclinical,"five NSCLC cell lines","TTFields exposure","DNA damage-response effects","TTFields altered cell-cycle progression and downregulated BRCA1-pathway genes; exposure increased DNA-damage foci and chromatid aberrations and reduced repair capacity after ionizing radiation.","G2/M and S-phase populations, DNA-repair foci, chromatid aberrations, cell survival",Moderate mechanistic evidence,"Study was performed in NSCLC rather than GBM; combination effects require disease-specific validation.","https://pubmed.ncbi.nlm.nih.gov/28358361/",2026-10-09,"Original experimental study; funded by NovoCure Ltd."
TTF-004,"Giladi M et al. Tumor treating fields delay DNA damage repair following radiation treatment of glioma cells",2017,Preclinical,"glioma cell lines with in vitro and in vivo/translational components","TTFields with radiation","Whether TTFields alter radiation-induced DNA damage repair","TTFields delayed repair of radiation-induced DNA damage in glioma models, supporting a radiosensitizing mechanism.","DNA-damage markers and repair kinetics",Moderate mechanistic evidence,"Combination-treatment study; not evidence that DNA-repair interference is the sole monotherapy mechanism.","https://pubmed.ncbi.nlm.nih.gov/29284495/",2026-10-09,"Funding and employment disclosures reported."
TTF-005,"Voloshin T et al. Tumor Treating Fields Hinder Cancer Cell Motility through Regulation of Microtubule and Actin Dynamics",2020,Preclinical,"U-87 MG, A-172, LN-229, LN-18 GBM cells plus A549 and H1299 lung adenocarcinoma cells","TTFields","Effects on cell migration and cytoskeletal dynamics","TTFields perturbed microtubule assembly/directionality, GEF-H1/RhoA/ROCK signaling, actin organization, and focal adhesions, reducing migration/invasion-related phenotypes.","Migration, invasion, cytoskeletal organization, signaling activity",Moderate mechanistic evidence,"All authors were NovoCure employees or stockholders; mechanistic relevance to motility is distinct from the canonical mitotic mechanism.","https://pubmed.ncbi.nlm.nih.gov/33080774/",2026-10-09,"Conflict-of-interest statement explicitly disclosed."
TTF-006,"Chen D et al. Tumor Treating Fields dually activate STING and AIM2 inflammasomes to induce adjuvant immunity in glioblastoma",2022,Preclinical,"GBM cells and syngeneic mouse GBM models","TTFields","Potential immunological consequences of TTFields-induced cellular damage","TTFields induced micronuclei and activated cGAS-STING and AIM2 pathways, producing inflammatory signaling and antitumor immune memory in mouse models.","Inflammatory signaling, immune memory, tumor control",Promising preclinical evidence,"Mouse-model findings do not establish clinical immune effects in patients; this is an emerging mechanism rather than the canonical explanation.","https://pubmed.ncbi.nlm.nih.gov/35199647/",2026-10-09,"Use cautiously when translating mouse immune findings to patients."
TTF-007,"Karanam NK et al. Tumor treating fields cause replication stress and interfere with DNA replication fork maintenance: Implications for cancer therapy",2020,Original preclinical study,"cancer cell lines with mechanistic replication assays","TTFields","Replication-fork maintenance and replication stress","TTFields reduced replication-fork speed, reduced expression of MCM6/MCM10 and Fanconi-anemia-pathway genes, increased R-loop formation, and created a conditional vulnerability to DNA-damaging or DNA-repair-targeting agents.","Replication-fork speed, newly synthesized DNA length, R-loops, gene expression, combination survival",Moderate mechanistic evidence,"The study is not a review and is not GBM-specific; mechanistic links to mitotic disruption were investigated primarily in NSCLC models.","https://pubmed.ncbi.nlm.nih.gov/31707040/",2026-10-09,"Original experimental study; authors were at UT Southwestern Medical Center."
TTF-008,"Kirson ED et al. Alternating electric fields arrest cell proliferation in animal tumor models and human brain tumors",2007,Translational preclinical/pilot clinical,"MDA-MB-231, H1299, B16F1, intracranial F-98 glioma, U-118/U-87 glioma cells, and 10 patients with recurrent GBM","Frequency-dependent TTFields","Disease relevance, optimal frequency, and translation to brain tumors","TTFields inhibited proliferation in tumor models; glioma models showed an optimal frequency around 200 kHz, and the study included intracranial F-98 glioma and a 10-patient recurrent GBM pilot.","Cell proliferation, tumor growth, time to progression, overall survival",Foundational translational evidence,"The human component was a small pilot study without randomized control; clinical outcomes should not be treated as definitive efficacy evidence.","https://pubmed.ncbi.nlm.nih.gov/17551011/",2026-10-09,"NovoCure-affiliated investigators; clinical component used historical comparisons."
TTF-009,"Giladi M et al. Mitotic Spindle Disruption by Alternating Electric Fields Leads to Improper Chromosome Segregation and Mitotic Catastrophe in Cancer Cells",2015,Preclinical,"Multiple cancer cell lines including U-87 MG and U-118 MG glioblastoma cells","TTFields at tumor-type relevant frequencies including 200 kHz for GBM lines","Direct evidence for microtubule and spindle disruption","TTFields reduced the fraction of polymerized tubulin, impaired mitotic spindle assembly, and produced abnormal chromosome segregation, multinucleation, and caspase-dependent apoptosis; effects depended on cell division rate and exposure duration.","Polymerized/total tubulin ratio, spindle morphology, chromosome segregation, multinucleation, apoptosis, clonogenic survival",Strong mechanistic evidence,"All authors were affiliated with NovoCure, so independent replication is important; study used established cell lines rather than patient tumors.","https://pubmed.ncbi.nlm.nih.gov/26658786/",2026-10-09,"Primary mechanistic study; published 11 December 2015."
